"ProductID","Title","ImageSlot","ExportPosition","DownloadedFile","OriginalShopifyURL","LocalPath","SHA256"
"A006","Nr. 6","1","147","00147.jpg","https://cdn.shopify.com/s/files/1/1010/7364/9956/files/20260601_174010.jpg?v=1780517905","images/artworks/nr-006-1.jpg","8223C6C8411BADABB5A1F7F0D7AC788E2E93A88E61E1B8A88CEDC77CBF03A025"
"A006","Nr. 6","2","148","00148.jpg","https://cdn.shopify.com/s/files/1/1010/7364/9956/files/20260601_174026.jpg?v=1780517905","images/artworks/nr-006-2.jpg","BFF795B10207C1AF8E84E2B410893710E429FAFBAE73BB77C555ECDF6FD500DE"
"A006","Nr. 6","3","149","00149.jpg","https://cdn.shopify.com/s/files/1/1010/7364/9956/files/20260601_174031.jpg?v=1780517905","images/artworks/nr-006-3.jpg","392DFCA16B4567C48E6304617A4649B02E0CC2CC1D4021050F84C25FF38577AA"
"A006","Nr. 6","4","150","00150.jpg","https://cdn.shopify.com/s/files/1/1010/7364/9956/files/20260601_174037.jpg?v=1780517905","images/artworks/nr-006-4.jpg","16409DDCB843BC4A6BE9ABA82A95DB33E67604F70D3C4BC6A1669CA8D793A3D2"
"A041","Nr. 41","1","143","00143.jpg","https://cdn.shopify.com/s/files/1/1010/7364/9956/files/20260601_211522.jpg?v=1780598288","images/artworks/nr-041-1.jpg","CBD44A39AF12524B7992CA244A85D107F1F304507766610ECB36BCA0E53A6E99"
"A041","Nr. 41","2","144","00144.jpg","https://cdn.shopify.com/s/files/1/1010/7364/9956/files/20260601_211553.jpg?v=1780598286","images/artworks/nr-041-2.jpg","0F7D1B6A21ED48FBF471EE934856D84A5C6E9E63A54E51E7D6ED0BD6F05D0EAF"
"A041","Nr. 41","3","145","00145.jpg","https://cdn.shopify.com/s/files/1/1010/7364/9956/files/20260601_211559.jpg?v=1780598286","images/artworks/nr-041-3.jpg","88ED85A40069CD6285962B82ABC60889E91FB006429199944913E451977E9E3E"
"A041","Nr. 41","4","146","00146.jpg","https://cdn.shopify.com/s/files/1/1010/7364/9956/files/20260601_211604.jpg?v=1780598286","images/artworks/nr-041-4.jpg","496F561F4B8E9553D3DE64A70EF3123BE42C2D2EC7115FF5CC412CD6D3663F64"
"A042","Nr. 42","1","139","00139.jpg","https://cdn.shopify.com/s/files/1/1010/7364/9956/files/20260601_211815.jpg?v=1780598450","images/artworks/nr-042-1.jpg","908E94AFD76E64CBC6E8963F6A0679C0C141D5B1B8F72A5DC863DA123469D4F6"
"A042","Nr. 42","2","140","00140.jpg","https://cdn.shopify.com/s/files/1/1010/7364/9956/files/20260601_211852.jpg?v=1780598450","images/artworks/nr-042-2.jpg","29464854D80E70E7E29ADE9CDA0DAA0E5146012B7F1B2706DA8A7254A4078618"
"A042","Nr. 42","3","141","00141.jpg","https://cdn.shopify.com/s/files/1/1010/7364/9956/files/20260601_211856.jpg?v=1780598450","images/artworks/nr-042-3.jpg","B80C08D004775B6E79676A212531B7C3200EAAE19A63224CE5176858A9788310"
"A042","Nr. 42","4","142","00142.jpg","https://cdn.shopify.com/s/files/1/1010/7364/9956/files/20260601_211900.jpg?v=1780598451","images/artworks/nr-042-4.jpg","D8A0D9A3DBB0B4EA5F0400C55237309C03481143340A6CD5A806C6EA0533DB43"
"A043","Nr. 43","1","135","00135.jpg","https://cdn.shopify.com/s/files/1/1010/7364/9956/files/20260601_212137.jpg?v=1780598547","images/artworks/nr-043-1.jpg","678A1940367218D289026A98E0F2D42D3407EC2AE048AB7DA134CC964D41E712"
"A043","Nr. 43","2","136","00136.jpg","https://cdn.shopify.com/s/files/1/1010/7364/9956/files/20260601_212211.jpg?v=1780598547","images/artworks/nr-043-2.jpg","373C898DB30D5BCEEDBB88B86DC0D9ABBD762BA0B3A14A286C9874EDF458BE28"
"A043","Nr. 43","3","137","00137.jpg","https://cdn.shopify.com/s/files/1/1010/7364/9956/files/20260601_212215.jpg?v=1780598548","images/artworks/nr-043-3.jpg","161A053D7E1FEC499439116CB19B845D534F26AB2FE6DF89BF07C5162204ABC0"
"A043","Nr. 43","4","138","00138.jpg","https://cdn.shopify.com/s/files/1/1010/7364/9956/files/20260601_212219.jpg?v=1780598547","images/artworks/nr-043-4.jpg","1B2AFEA63410B312E3D3E31868D738E490E95422B62ED692C2AD99489C510A73"
"A044","Nr. 44","1","131","00131.jpg","https://cdn.shopify.com/s/files/1/1010/7364/9956/files/20260601_212433.jpg?v=1780598669","images/artworks/nr-044-1.jpg","7D7E5C889D93F6F9191C92EB1B911A1150DF171BE01FFD1CEF95616670B4ED88"
"A044","Nr. 44","2","132","00132.jpg","https://cdn.shopify.com/s/files/1/1010/7364/9956/files/20260601_212459.jpg?v=1780598669","images/artworks/nr-044-2.jpg","D618D9F9C8308091E637919F08D43CD20439C81758552F9D8F57316DE97A7CFB"
"A044","Nr. 44","3","133","00133.jpg","https://cdn.shopify.com/s/files/1/1010/7364/9956/files/20260601_212505.jpg?v=1780598669","images/artworks/nr-044-3.jpg","EC3869841EBF49ECAB7E9B8414BDCEAAF4D302C462666A967269932410CF1AC4"
"A044","Nr. 44","4","134","00134.jpg","https://cdn.shopify.com/s/files/1/1010/7364/9956/files/20260601_212509.jpg?v=1780598669","images/artworks/nr-044-4.jpg","6B4566DD5C10E2153D34583C9741A335D212E3BE10684F7037069CCDA8F71016"
"A045","Nr. 45","1","127","00127.jpg","https://cdn.shopify.com/s/files/1/1010/7364/9956/files/20260601_212656.jpg?v=1780598828","images/artworks/nr-045-1.jpg","F971CE257B1B792FE9E4D01EB6D76ED28C8CDDC76250262ADDCE98994326C5A6"
"A045","Nr. 45","2","128","00128.jpg","https://cdn.shopify.com/s/files/1/1010/7364/9956/files/20260601_212714.jpg?v=1780598828","images/artworks/nr-045-2.jpg","0EF4D5E0B471C7B57485B866C7B30808A845E92BA92061FA4A579E41C2348058"
"A045","Nr. 45","3","129","00129.jpg","https://cdn.shopify.com/s/files/1/1010/7364/9956/files/20260601_212723.jpg?v=1780598827","images/artworks/nr-045-3.jpg","8D3AB013D40B22A542286CEDFCB1026F8F00591467D6A4FCD6B1BEDC6693BEEB"
"A045","Nr. 45","4","130","00130.jpg","https://cdn.shopify.com/s/files/1/1010/7364/9956/files/20260601_212727.jpg?v=1780598828","images/artworks/nr-045-4.jpg","6B625D4F4E66D885727C7E80411646F461D17100D9C7B971E99E8CA3504CB7F7"
"A046","Nr. 46","1","123","00123.jpg","https://cdn.shopify.com/s/files/1/1010/7364/9956/files/20260602_093326.jpg?v=1780598978","images/artworks/nr-046-1.jpg","F5E95A9B396D04A86FFCE65F9C07E53605005A49D51BCBE43271DB7DD0218424"
"A046","Nr. 46","2","124","00124.jpg","https://cdn.shopify.com/s/files/1/1010/7364/9956/files/20260602_093411.jpg?v=1780598982","images/artworks/nr-046-2.jpg","34A80D4D169914ECD7838A856C8FCEF167DE890D6B5921BC349459B93D002680"
"A046","Nr. 46","3","125","00125.jpg","https://cdn.shopify.com/s/files/1/1010/7364/9956/files/20260602_093418.jpg?v=1780598978","images/artworks/nr-046-3.jpg","9BD3F36D6610BE68CF032CB5C3EA456A7378B32AE9BA4E95A82C281A63F3F85D"
"A046","Nr. 46","4","126","00126.jpg","https://cdn.shopify.com/s/files/1/1010/7364/9956/files/20260602_093424.jpg?v=1780598978","images/artworks/nr-046-4.jpg","AEBB616C0C0A20EB44AA2101213274EA50C64FD31ADE55C664A0AF1CB32EFCE4"
"A047","Nr. 47","1","119","00119.jpg","https://cdn.shopify.com/s/files/1/1010/7364/9956/files/20260602_093731.jpg?v=1780599106","images/artworks/nr-047-1.jpg","83DE38620D30C5670A9C4B0CE1171EE015E5930A1E8852384A811C8D02DEA784"
"A047","Nr. 47","2","120","00120.jpg","https://cdn.shopify.com/s/files/1/1010/7364/9956/files/20260602_093823.jpg?v=1780599106","images/artworks/nr-047-2.jpg","FEE9616C0D2226FC149D75506B700F24A757D7608A53C10564BE4BD925293F90"
"A047","Nr. 47","3","121","00121.jpg","https://cdn.shopify.com/s/files/1/1010/7364/9956/files/20260602_093829.jpg?v=1780599106","images/artworks/nr-047-3.jpg","BF90CC2F974346778BEBF0B5592DFAD8CB1F3A9241598668E3A73AABF5F7D33E"
"A047","Nr. 47","4","122","00122.jpg","https://cdn.shopify.com/s/files/1/1010/7364/9956/files/20260602_093833.jpg?v=1780599106","images/artworks/nr-047-4.jpg","0810E3FC5CC8B58E1D0C7F9C989FAF9D9FC3F47202DB154F085878B87007C703"
"A048","Nr. 48","1","115","00115.jpg","https://cdn.shopify.com/s/files/1/1010/7364/9956/files/20260602_094157.jpg?v=1780599223","images/artworks/nr-048-1.jpg","1E39527B25A2CFC85391F520BC7D6124ED91CBDEC211A239E4E9A3B4A6EA78DE"
"A048","Nr. 48","2","116","00116.jpg","https://cdn.shopify.com/s/files/1/1010/7364/9956/files/20260602_094238.jpg?v=1780599222","images/artworks/nr-048-2.jpg","0298112894CEFA480F665B78682FA0A58617BB94255F92738FD6432AD8A89460"
"A048","Nr. 48","3","117","00117.jpg","https://cdn.shopify.com/s/files/1/1010/7364/9956/files/20260602_094242.jpg?v=1780599222","images/artworks/nr-048-3.jpg","D8F94F95649E48DE7C5F810FC2553383326B5A2593C76BDD4983687D138F73C0"
"A048","Nr. 48","4","118","00118.jpg","https://cdn.shopify.com/s/files/1/1010/7364/9956/files/20260602_094247.jpg?v=1780599221","images/artworks/nr-048-4.jpg","0486F1971B48A25E27358BF33BAC02A740B3F6BB032EFDAEDCC1B1488747CDBF"
"A049","Nr. 49","1","107","00107.jpg","https://cdn.shopify.com/s/files/1/1010/7364/9956/files/20260602_094809.jpg?v=1780599470","images/artworks/nr-049-1.jpg","B1164D648D5448432E8FAB0CA2BDE4B636261F716660706E4B01325E7EC08156"
"A049","Nr. 49","2","108","00108.jpg","https://cdn.shopify.com/s/files/1/1010/7364/9956/files/20260602_094857.jpg?v=1780599470","images/artworks/nr-049-2.jpg","86CF9ECAE588B397EA8556E2370F5B160B95605A69357DD666E9926EC5101ABD"
"A049","Nr. 49","3","109","00109.jpg","https://cdn.shopify.com/s/files/1/1010/7364/9956/files/20260602_094902.jpg?v=1780599470","images/artworks/nr-049-3.jpg","958A11C3140536FD34A95A51965B541CCABDC9FC92365A07A5A1528E87A96454"
"A049","Nr. 49","4","110","00110.jpg","https://cdn.shopify.com/s/files/1/1010/7364/9956/files/20260602_094907.jpg?v=1780599470","images/artworks/nr-049-4.jpg","23C8F19F7B42914E48400E54E883F8B89B319464F8A9B553DE46A71D43545EE8"
"A050","Nr.50","1","111","00111.jpg","https://cdn.shopify.com/s/files/1/1010/7364/9956/files/20260602_094446.jpg?v=1780599331","images/artworks/nr-050-1.jpg","E4974C67C7F38307F0C8FC59E1C4DE6C1231C9B0139A4E02B5688C974536590C"
"A050","Nr.50","2","112","00112.jpg","https://cdn.shopify.com/s/files/1/1010/7364/9956/files/20260602_094518.jpg?v=1780599335","images/artworks/nr-050-2.jpg","9439D1447EDD7D64BD06426EFEE8D350B60D2374DBA6C13C3BB90005583D8468"
"A050","Nr.50","3","113","00113.jpg","https://cdn.shopify.com/s/files/1/1010/7364/9956/files/20260602_094522.jpg?v=1780599331","images/artworks/nr-050-3.jpg","D38F1E0912CFEDB05F50A503BFF3B8033B4AE82D7F5AEAD6AAB0178BC5650F92"
"A050","Nr.50","4","114","00114.jpg","https://cdn.shopify.com/s/files/1/1010/7364/9956/files/20260602_094525.jpg?v=1780599331","images/artworks/nr-050-4.jpg","8929AE61DFD00F3C257C6056F70CA00D3B30B7A4BEC649705D77DED2F662833C"
"A051","Nr. 51","1","103","00103.jpg","https://cdn.shopify.com/s/files/1/1010/7364/9956/files/20260602_095149.jpg?v=1780672253","images/artworks/nr-051-1.jpg","EB63E4E2C7CD26783E81C3E36F7CA2ABDA56E29E5EB5290995C43AC7C2BDAA4B"
"A051","Nr. 51","2","104","00104.jpg","https://cdn.shopify.com/s/files/1/1010/7364/9956/files/20260602_095229.jpg?v=1780672257","images/artworks/nr-051-2.jpg","CDCEBDDB7BAB60402154E1732C8645280B8E03EC5C98933ED4474B37DD26DED8"
"A051","Nr. 51","3","105","00105.jpg","https://cdn.shopify.com/s/files/1/1010/7364/9956/files/20260602_095234.jpg?v=1780672253","images/artworks/nr-051-3.jpg","1200272F33EEE5D57B0FAACDB20241B79F3920DA14456EB80235DB804BF47267"
"A051","Nr. 51","4","106","00106.jpg","https://cdn.shopify.com/s/files/1/1010/7364/9956/files/20260602_095238.jpg?v=1780672256","images/artworks/nr-051-4.jpg","04E8A9AE66D7502033949C399A334790B50D72BF4EA907E34A5BE7CD483B40AA"
"A052","Nr. 52","1","99","00099.jpg","https://cdn.shopify.com/s/files/1/1010/7364/9956/files/20260602_095557.jpg?v=1780672376","images/artworks/nr-052-1.jpg","72F135D237A6FF7BFF47EADC88A8D246E5B18EDB72FAEE7CBB49E7047B3E7D2E"
"A052","Nr. 52","2","100","00100.jpg","https://cdn.shopify.com/s/files/1/1010/7364/9956/files/20260602_095633.jpg?v=1780672377","images/artworks/nr-052-2.jpg","557DED792B44244BD605E4831D56D5BC8271E3819EB792CACE6D0A62D4A6813D"
"A052","Nr. 52","3","101","00101.jpg","https://cdn.shopify.com/s/files/1/1010/7364/9956/files/20260602_095637.jpg?v=1780672378","images/artworks/nr-052-3.jpg","58198CDB034581698AE2C5BB112CFD2A71962E0E37B856ED507A9E27EDD250A8"
"A052","Nr. 52","4","102","00102.jpg","https://cdn.shopify.com/s/files/1/1010/7364/9956/files/20260602_095641.jpg?v=1780672382","images/artworks/nr-052-4.jpg","2993181731DBF55AEBEF277EB9157E18F53D8B6D48FB34C880FD93A616BAFEB9"
"A053","Nr. 53","1","95","00095.jpg","https://cdn.shopify.com/s/files/1/1010/7364/9956/files/20260602_100348.jpg?v=1780672523","images/artworks/nr-053-1.jpg","B82167AE502E47309146D8B0605BEE0CACE451E2CB678C6367DE0A0F0F684F66"
"A053","Nr. 53","2","96","00096.jpg","https://cdn.shopify.com/s/files/1/1010/7364/9956/files/20260602_100432.jpg?v=1780672523","images/artworks/nr-053-2.jpg","8BA2CB9D37FF302B91D08E71C456724619DB0A5D4EA3D91DAF6B0628E12DE4F6"
"A053","Nr. 53","3","97","00097.jpg","https://cdn.shopify.com/s/files/1/1010/7364/9956/files/20260602_100437.jpg?v=1780672522","images/artworks/nr-053-3.jpg","0A1A3D34CC3FEF1F705BE390D13DB1AABD11CB1C210D4393E9AD8D4A9565E662"
"A053","Nr. 53","4","98","00098.jpg","https://cdn.shopify.com/s/files/1/1010/7364/9956/files/20260602_100441.jpg?v=1780672526","images/artworks/nr-053-4.jpg","2F69AC9D7F5863BFF31A71DDD426DBA3F37CDB25C246CF016F33FA4896211CB9"
"A054","Nr. 54","1","91","00091.jpg","https://cdn.shopify.com/s/files/1/1010/7364/9956/files/20260602_101230.jpg?v=1780672608","images/artworks/nr-054-1.jpg","7D846E26914B8C46E3134B920E81D308A5A09B4B4F8E50C65891595F1A65FF56"
"A054","Nr. 54","2","92","00092.jpg","https://cdn.shopify.com/s/files/1/1010/7364/9956/files/20260602_101254.jpg?v=1780672609","images/artworks/nr-054-2.jpg","E9318B8CDD9EC8C087E3364268B8E6D11058319B3730A6F5C71A07576E00723C"
"A054","Nr. 54","3","93","00093.jpg","https://cdn.shopify.com/s/files/1/1010/7364/9956/files/20260602_101258.jpg?v=1780672607","images/artworks/nr-054-3.jpg","3CFCF4F925615107143483F129B7A1DE5B1AC249C2C6536137232729334401DF"
"A054","Nr. 54","4","94","00094.jpg","https://cdn.shopify.com/s/files/1/1010/7364/9956/files/20260602_101301.jpg?v=1780672609","images/artworks/nr-054-4.jpg","23A6CE32FA2B83CD8BE3842FF7DE06DD5C6503573B0E40EA7AD11C04F9EF8AC0"
"A055","Nr. 55","1","87","00087.jpg","https://cdn.shopify.com/s/files/1/1010/7364/9956/files/20260602_101918.jpg?v=1780672714","images/artworks/nr-055-1.jpg","9E943A0BBEEA7CECEF1A0417025F24114638144E819F6361739D4DE448D0E1BA"
"A055","Nr. 55","2","88","00088.jpg","https://cdn.shopify.com/s/files/1/1010/7364/9956/files/20260602_101948.jpg?v=1780672714","images/artworks/nr-055-2.jpg","46E96E9537FA46CCE172DC1C1674B99857049C5465BE80BCBA835EF3623F7DC0"
"A055","Nr. 55","3","89","00089.jpg","https://cdn.shopify.com/s/files/1/1010/7364/9956/files/20260602_101954.jpg?v=1780672714","images/artworks/nr-055-3.jpg","595EA77CFDBDD57EC3A79A27E218682C1801F1118CE4E817A9743304600CC26D"
"A055","Nr. 55","4","90","00090.jpg","https://cdn.shopify.com/s/files/1/1010/7364/9956/files/20260602_102001.jpg?v=1780672714","images/artworks/nr-055-4.jpg","AD310A01B47F8048787F64EC96ABAD946A63165B75F1284B73B0D5EA4F5C7C36"
"A056","Nr. 56","1","83","00083.jpg","https://cdn.shopify.com/s/files/1/1010/7364/9956/files/20260602_102415.jpg?v=1780672852","images/artworks/nr-056-1.jpg","CCE55533FBBA29AD9AF8F0DD3203B1329673AA6A85E323D83957ACEABD0C724E"
"A056","Nr. 56","2","84","00084.jpg","https://cdn.shopify.com/s/files/1/1010/7364/9956/files/20260602_102837.jpg?v=1780672853","images/artworks/nr-056-2.jpg","95984D1CD6FADDFC02139E57A136FFB9852D1A554FB07F1371314906A500AC60"
"A056","Nr. 56","3","85","00085.jpg","https://cdn.shopify.com/s/files/1/1010/7364/9956/files/20260602_102846.jpg?v=1780672852","images/artworks/nr-056-3.jpg","7EFB43E4BEE1DBCB21B333E62FF3A05AE1F53D3B1E15FE794700620321AF312D"
"A056","Nr. 56","4","86","00086.jpg","https://cdn.shopify.com/s/files/1/1010/7364/9956/files/20260602_102937.jpg?v=1780672852","images/artworks/nr-056-4.jpg","589F0EEC63CF8F241A5F9F36D9C0B0E6D23779D663A3053F219475D3DDAD8841"
"A057","Nr. 57","1","79","00079.jpg","https://cdn.shopify.com/s/files/1/1010/7364/9956/files/20260602_104212.jpg?v=1780682077","images/artworks/nr-057-1.jpg","9A82E0B8479216CC51E3F8C3B2BFA1FB10B76183925DBFA5894054D70561D62D"
"A057","Nr. 57","2","80","00080.jpg","https://cdn.shopify.com/s/files/1/1010/7364/9956/files/20260602_104310.jpg?v=1780682077","images/artworks/nr-057-2.jpg","83DC90BCDC96C01728BAD2889048F9A0232E1827AF80297BC9DAE615ACD6A95C"
"A057","Nr. 57","3","81","00081.jpg","https://cdn.shopify.com/s/files/1/1010/7364/9956/files/20260602_104314.jpg?v=1780682077","images/artworks/nr-057-3.jpg","DFF0433D2E1C1155D2C129F4BD38E7B8331716F24BE790F5C246E896531BD2ED"
"A057","Nr. 57","4","82","00082.jpg","https://cdn.shopify.com/s/files/1/1010/7364/9956/files/20260602_104318.jpg?v=1780682077","images/artworks/nr-057-4.jpg","6996FEB184C1398B240FDD58B31D69BCA564CE280BA1A45F4F8C358E10255FCC"
"A058","Nr. 58","1","75","00075.jpg","https://cdn.shopify.com/s/files/1/1010/7364/9956/files/20260602_104529.jpg?v=1780682178","images/artworks/nr-058-1.jpg","0815CFCB7332ECABBCDBBAD705E7E1AFA06E7AD6682A2EB3FC5830F0DFDD4B73"
"A058","Nr. 58","2","76","00076.jpg","https://cdn.shopify.com/s/files/1/1010/7364/9956/files/20260602_104600.jpg?v=1780682178","images/artworks/nr-058-2.jpg","D357E710F76F5B60B9A1FBE75AB9788B9F77E39249D2D6D272EECCAE4703847A"
"A058","Nr. 58","3","77","00077.jpg","https://cdn.shopify.com/s/files/1/1010/7364/9956/files/20260602_104605.jpg?v=1780682182","images/artworks/nr-058-3.jpg","10A4556B30D80477A09C7BC9FBC39EDA7FFD8CA2B81857019DB018FB45EF271E"
"A058","Nr. 58","4","78","00078.jpg","https://cdn.shopify.com/s/files/1/1010/7364/9956/files/20260602_104611.jpg?v=1780682181","images/artworks/nr-058-4.jpg","640E26F05A40FEF1716B4BEE228A57CE0333386434114BDAADC3CE778C121FAF"
"A059","Nr. 59","1","71","00071.jpg","https://cdn.shopify.com/s/files/1/1010/7364/9956/files/20260602_104738.jpg?v=1780682311","images/artworks/nr-059-1.jpg","D20674E1BC3F26324F2670F147EF333EF4F3C31355F3027A1BB83E29F2946E59"
"A059","Nr. 59","2","72","00072.jpg","https://cdn.shopify.com/s/files/1/1010/7364/9956/files/20260602_104836.jpg?v=1780682311","images/artworks/nr-059-2.jpg","84513B685694E1FBA8CAEEDF27C3B25D20A4AD8BEB697C72574615B35A0E2660"
"A059","Nr. 59","3","73","00073.jpg","https://cdn.shopify.com/s/files/1/1010/7364/9956/files/20260602_104841.jpg?v=1780682310","images/artworks/nr-059-3.jpg","056B8760B0C7B450508A88B90CBE8B80F17A95F6D5D5B93A4D94A30BE231100A"
"A059","Nr. 59","4","74","00074.jpg","https://cdn.shopify.com/s/files/1/1010/7364/9956/files/20260602_104847.jpg?v=1780682311","images/artworks/nr-059-4.jpg","941CA8BE615541139C74699A1D7925E19DB6307EDA7F13ACD145F2015D4D8FD2"
"A060","Nr. 60","1","67","00067.jpg","https://cdn.shopify.com/s/files/1/1010/7364/9956/files/20260602_105035.jpg?v=1780682439","images/artworks/nr-060-1.jpg","992767D7DF658B1752D595CF1DB76EBBD7B21D38A10E521C76EA3654784C9B8D"
"A060","Nr. 60","2","68","00068.jpg","https://cdn.shopify.com/s/files/1/1010/7364/9956/files/20260602_105138.jpg?v=1780682439","images/artworks/nr-060-2.jpg","921E940BB5DB7EA212F9B5B31FCC48CE600389F7BBE6164C8904C45A9059CAEF"
"A060","Nr. 60","3","69","00069.jpg","https://cdn.shopify.com/s/files/1/1010/7364/9956/files/20260602_105143.jpg?v=1780682440","images/artworks/nr-060-3.jpg","B1104750BB767F256A239E8F3C59CF71D0413B7C374A15EB4F733EF5FBF62A51"
"A060","Nr. 60","4","70","00070.jpg","https://cdn.shopify.com/s/files/1/1010/7364/9956/files/20260602_105147.jpg?v=1780682439","images/artworks/nr-060-4.jpg","E2C76D688AF2A6297F7684AFD9E5E70A900A92AB663C40F0FE09E82EB396D473"
"A061","Nr. 61","1","63","00063.jpg","https://cdn.shopify.com/s/files/1/1010/7364/9956/files/20260602_105405.jpg?v=1780682607","images/artworks/nr-061-1.jpg","785D940A4D66CFC4D1476BE356F8EAC7A563016D06CD15E37ACD3DCB7966C9F0"
"A061","Nr. 61","2","64","00064.jpg","https://cdn.shopify.com/s/files/1/1010/7364/9956/files/20260602_105442.jpg?v=1780682551","images/artworks/nr-061-2.jpg","9B65A7431052B1B456E17C8F98925E5324E3314BB493FFEE5F527819E85F3D69"
"A061","Nr. 61","3","65","00065.jpg","https://cdn.shopify.com/s/files/1/1010/7364/9956/files/20260602_105447.jpg?v=1780682550","images/artworks/nr-061-3.jpg","B8F4139D307F20FBEE96341C8B118EA781A4E73178E36447F998E0F2B0A144FA"
"A061","Nr. 61","4","66","00066.jpg","https://cdn.shopify.com/s/files/1/1010/7364/9956/files/20260602_105452.jpg?v=1780682546","images/artworks/nr-061-4.jpg","682655120F1F3F5EE824895E29148F45A0FD9DDCBDC3E691F0EF85641CE32537"
"A062","Nr. 62","1","59","00059.jpg","https://cdn.shopify.com/s/files/1/1010/7364/9956/files/20260602_105644.jpg?v=1780682773","images/artworks/nr-062-1.jpg","BE87A51C96B70036BD0DD2A1E7E6A307566305104F3DFC5B84C1BA8644183FC5"
"A062","Nr. 62","2","60","00060.jpg","https://cdn.shopify.com/s/files/1/1010/7364/9956/files/20260602_105743.jpg?v=1780682774","images/artworks/nr-062-2.jpg","D49EB039D0665A0C404D96EBA540EDD581BF2081BA65A58790FD7D0ABB045542"
"A062","Nr. 62","3","61","00061.jpg","https://cdn.shopify.com/s/files/1/1010/7364/9956/files/20260602_105746.jpg?v=1780682771","images/artworks/nr-062-3.jpg","249B441EB949D908FF9949C1D7A5F0DE6234AB52C60CFC5913175D8277CCB82A"
"A062","Nr. 62","4","62","00062.jpg","https://cdn.shopify.com/s/files/1/1010/7364/9956/files/20260602_105751.jpg?v=1780682771","images/artworks/nr-062-4.jpg","6CCDE5CC9A28BF4AE9E2778D74F5844CCC519C9E79B86DA3839E90B5B649F0D7"
"A063","Nr. 63","1","55","00055.jpg","https://cdn.shopify.com/s/files/1/1010/7364/9956/files/20260602_112103.jpg?v=1780682880","images/artworks/nr-063-1.jpg","78EA280E6C0DAF663632003753ED66E66AA06D1E4FD048247351A650CF6E546E"
"A063","Nr. 63","2","56","00056.jpg","https://cdn.shopify.com/s/files/1/1010/7364/9956/files/20260602_112151.jpg?v=1780682880","images/artworks/nr-063-2.jpg","0A7F1EA796B5DF192940B208863189B6253CA079BCFCB79FD72D0019E45A45A0"
"A063","Nr. 63","3","57","00057.jpg","https://cdn.shopify.com/s/files/1/1010/7364/9956/files/20260602_112156.jpg?v=1780682880","images/artworks/nr-063-3.jpg","BA893CF6B6DCE2F9775CCFE1F4D224E031D439BA37BC5D9E13AFA6194446FE04"
"A063","Nr. 63","4","58","00058.jpg","https://cdn.shopify.com/s/files/1/1010/7364/9956/files/20260602_112201.jpg?v=1780682880","images/artworks/nr-063-4.jpg","ADCBC053B5A8E8F014AAA554A7D99793E208E600A1799CD2ED4D374E48B96E8F"
"A064","Nr. 64","1","51","00051.jpg","https://cdn.shopify.com/s/files/1/1010/7364/9956/files/20260602_112409.jpg?v=1780682976","images/artworks/nr-064-1.jpg","4848A60731D27C585EB4407398AA36155D336885697D82C4C4530814E126DE4C"
"A064","Nr. 64","2","52","00052.jpg","https://cdn.shopify.com/s/files/1/1010/7364/9956/files/20260602_112446.jpg?v=1780682977","images/artworks/nr-064-2.jpg","02B4B5F093FD2DDE3E2ADB8D9C02C0B2FC1866146298F27ACCD66BCF26C8BCE2"
"A064","Nr. 64","3","53","00053.jpg","https://cdn.shopify.com/s/files/1/1010/7364/9956/files/20260602_112450.jpg?v=1780682976","images/artworks/nr-064-3.jpg","E6BD19878EA646DCFD1DB8C54D64170E9424144EB5979C82C42124A68D48B35A"
"A064","Nr. 64","4","54","00054.jpg","https://cdn.shopify.com/s/files/1/1010/7364/9956/files/20260602_112455.jpg?v=1780682976","images/artworks/nr-064-4.jpg","118B307CF153BFACBB1185F7179A22DED622830AE687DF97BF1949765815715E"
"A065","Nr. 65","1","47","00047.jpg","https://cdn.shopify.com/s/files/1/1010/7364/9956/files/20260602_112616.jpg?v=1780683105","images/artworks/nr-065-1.jpg","A20401C73FEB09FF767F797CA01A05D901DA7FF7D4570327B8738861B6CAFCC7"
"A065","Nr. 65","2","48","00048.jpg","https://cdn.shopify.com/s/files/1/1010/7364/9956/files/20260602_112650.jpg?v=1780683105","images/artworks/nr-065-2.jpg","36EBE18EAF22AF128D50E9ADD73C38712FAF580C22B55FEE896C905DB7BE645F"
"A065","Nr. 65","3","49","00049.jpg","https://cdn.shopify.com/s/files/1/1010/7364/9956/files/20260602_112654.jpg?v=1780683105","images/artworks/nr-065-3.jpg","86E4AFB2FDFC5F7DAF2523FC9B9B6A7F7370AEEDF6BBB2E711B2FBD52EB43BC3"
"A065","Nr. 65","4","50","00050.jpg","https://cdn.shopify.com/s/files/1/1010/7364/9956/files/20260602_112659.jpg?v=1780683104","images/artworks/nr-065-4.jpg","0A5743525ECF1BF8811FBC33EF360243177C96BDD38469F820B2851D426157C1"
"A066","Nr. 66","1","43","00043.jpg","https://cdn.shopify.com/s/files/1/1010/7364/9956/files/20260602_113032.jpg?v=1780683247","images/artworks/nr-066-1.jpg","F6F1E776B668906612EE1C938ADACAD41F51EE5775CE797B3A92F3DB26840588"
"A066","Nr. 66","2","44","00044.jpg","https://cdn.shopify.com/s/files/1/1010/7364/9956/files/20260602_113107.jpg?v=1780683245","images/artworks/nr-066-2.jpg","76F0DF668F5B87C57F24486C62FB3A17F3BDE46623E1B63E630C1596A2783B6E"
"A066","Nr. 66","3","45","00045.jpg","https://cdn.shopify.com/s/files/1/1010/7364/9956/files/20260602_113111.jpg?v=1780683244","images/artworks/nr-066-3.jpg","CEC20D66430B15B2D07C6E28FF563E167AE66246683DC88E4725799DF779D53B"
"A066","Nr. 66","4","46","00046.jpg","https://cdn.shopify.com/s/files/1/1010/7364/9956/files/20260602_113113.jpg?v=1780683244","images/artworks/nr-066-4.jpg","0004E62876C1C8F70AA6CB6150A33D0CBCE11343B8B3AE8840D02A949C431AFF"
"A067","Nr. 67","1","39","00039.jpg","https://cdn.shopify.com/s/files/1/1010/7364/9956/files/20260602_112809_b88db9c7-5495-4fa7-8feb-b711a4221c80.jpg?v=1780683580","images/artworks/nr-067-1.jpg","8C6FBD72EE336DAB61FC0FC2E629BFD187ED28ED803F34848DBB9B3966A16BFE"
"A067","Nr. 67","2","40","00040.jpg","https://cdn.shopify.com/s/files/1/1010/7364/9956/files/20260602_112847_57fdbc51-3f5a-434e-9e64-79cce19e0143.jpg?v=1780683574","images/artworks/nr-067-2.jpg","C7955D6B8065252F17E071085695B714AD7403255BDB97D9015910656A64C752"
"A067","Nr. 67","3","41","00041.jpg","https://cdn.shopify.com/s/files/1/1010/7364/9956/files/20260602_112851_cdf103b9-0ff8-47d5-9f46-adc70849f7e6.jpg?v=1780683574","images/artworks/nr-067-3.jpg","D721F3B733F101B1D6BA330DC7F06D972E49EC26CEB32739E5BEC25943049826"
"A067","Nr. 67","4","42","00042.jpg","https://cdn.shopify.com/s/files/1/1010/7364/9956/files/20260602_112855_e0834ceb-914f-4243-9c06-7f17a4a1a278.jpg?v=1780683574","images/artworks/nr-067-4.jpg","0EF3A6E116059F1B2278492E0D1307BEA2914FA6752E052E39E6584E0E96907A"
"A068","Nr. 68","1","35","00035.jpg","https://cdn.shopify.com/s/files/1/1010/7364/9956/files/20260602_113032_28cb0474-719a-4c69-96fc-31ca5db4570a.jpg?v=1780683779","images/artworks/nr-068-1.jpg","F6F1E776B668906612EE1C938ADACAD41F51EE5775CE797B3A92F3DB26840588"
"A068","Nr. 68","2","36","00036.jpg","https://cdn.shopify.com/s/files/1/1010/7364/9956/files/20260602_113107_806f44de-598c-4f1c-9331-a2b9086c5405.jpg?v=1780683777","images/artworks/nr-068-2.jpg","76F0DF668F5B87C57F24486C62FB3A17F3BDE46623E1B63E630C1596A2783B6E"
"A068","Nr. 68","3","37","00037.jpg","https://cdn.shopify.com/s/files/1/1010/7364/9956/files/20260602_113111_13e45016-5bb7-4547-841d-3aee0c890857.jpg?v=1780683773","images/artworks/nr-068-3.jpg","CEC20D66430B15B2D07C6E28FF563E167AE66246683DC88E4725799DF779D53B"
"A068","Nr. 68","4","38","00038.jpg","https://cdn.shopify.com/s/files/1/1010/7364/9956/files/20260602_113113_66059337-c30a-4d8f-a49f-c6a75d287379.jpg?v=1780683774","images/artworks/nr-068-4.jpg","0004E62876C1C8F70AA6CB6150A33D0CBCE11343B8B3AE8840D02A949C431AFF"
"A069","Nr. 69","1","31","00031.jpg","https://cdn.shopify.com/s/files/1/1010/7364/9956/files/20260602_114203.jpg?v=1780683951","images/artworks/nr-069-1.jpg","0D3D70F87A3A801F4FF8C098FCCE25077CD92515E670311CDF94E7D18CFA68F8"
"A069","Nr. 69","2","32","00032.jpg","https://cdn.shopify.com/s/files/1/1010/7364/9956/files/20260602_114241.jpg?v=1780683954","images/artworks/nr-069-2.jpg","F46E7A3C8BC9BBB239F3F90562D157813190A1933B0F38C84F6110D3AFE4742B"
"A069","Nr. 69","3","33","00033.jpg","https://cdn.shopify.com/s/files/1/1010/7364/9956/files/20260602_114237.jpg?v=1780683951","images/artworks/nr-069-3.jpg","9EFBC9F110A08EE84BA76A9DCD6ECF7984B6606714E27B10EA1E553DEF7AE9B4"
"A069","Nr. 69","4","34","00034.jpg","https://cdn.shopify.com/s/files/1/1010/7364/9956/files/20260602_114251.jpg?v=1780683951","images/artworks/nr-069-4.jpg","DE313DBE3FD48C662EDD2875F0890DC850A1C72C98FE4407A7F920186F215ED6"
"A070","Nr. 70","1","27","00027.jpg","https://cdn.shopify.com/s/files/1/1010/7364/9956/files/20260602_114415.jpg?v=1780684171","images/artworks/nr-070-1.jpg","900123957D1F100442F89666CCFCF8A30E3A867B7EC43B6B19CED686E799AF97"
"A070","Nr. 70","2","28","00028.jpg","https://cdn.shopify.com/s/files/1/1010/7364/9956/files/20260602_114503.jpg?v=1780684171","images/artworks/nr-070-2.jpg","A57911011E20CB72D3ACE663295D405131C62FA128E7FC1EF8412EDB1268AD78"
"A070","Nr. 70","3","29","00029.jpg","https://cdn.shopify.com/s/files/1/1010/7364/9956/files/20260602_114507.jpg?v=1780684171","images/artworks/nr-070-3.jpg","BD236E1AC15ADF733ECFCD9EB5AC9CE687FC73BC4FFCA8A75A465B4C91964655"
"A070","Nr. 70","4","30","00030.jpg","https://cdn.shopify.com/s/files/1/1010/7364/9956/files/20260602_114511.jpg?v=1780684172","images/artworks/nr-070-4.jpg","5F05F0AAA91552A7F1E9B5AF41B440244435515E2D7B277F13C27D43F469EF8C"
"A071","Nr. 71","1","23","00023.jpg","https://cdn.shopify.com/s/files/1/1010/7364/9956/files/20260602_114814.jpg?v=1780684410","images/artworks/nr-071-1.jpg","25519275C762FA83C95EE8B93C8BD526D7FEEC99D81DB244B46B0E09B4D3DDF5"
"A071","Nr. 71","2","24","00024.jpg","https://cdn.shopify.com/s/files/1/1010/7364/9956/files/20260602_114857.jpg?v=1780684410","images/artworks/nr-071-2.jpg","58221CE628AED62B1F111E3333AD14F7DF7D8205F1A6867836C78679F25A6C01"
"A071","Nr. 71","3","25","00025.jpg","https://cdn.shopify.com/s/files/1/1010/7364/9956/files/20260602_114901.jpg?v=1780684410","images/artworks/nr-071-3.jpg","D0CCC7746B3C193E358BE8B07682F668FB42D849A12B3A66B1D6D18543E4F82F"
"A071","Nr. 71","4","26","00026.jpg","https://cdn.shopify.com/s/files/1/1010/7364/9956/files/20260602_114905.jpg?v=1780684410","images/artworks/nr-071-4.jpg","7DDFB559F48FF4C98141DA6DF4CCB87294FBD94B1DDFEC63A6BE0FE0A9758FB3"
"A072","Nr. 72","1","19","00019.jpg","https://cdn.shopify.com/s/files/1/1010/7364/9956/files/20260602_115041.jpg?v=1780684551","images/artworks/nr-072-1.jpg","C15B9B0AED475E54C3CB3A7724BECBF1B8BB3EF61027BA35B7B6A37E72477CFF"
"A072","Nr. 72","2","20","00020.jpg","https://cdn.shopify.com/s/files/1/1010/7364/9956/files/20260602_115132.jpg?v=1780684557","images/artworks/nr-072-2.jpg","8255F3C717B639C63346D14372D465AE30132C8E4E9D0F6456FA80C6AC81052F"
"A072","Nr. 72","3","21","00021.jpg","https://cdn.shopify.com/s/files/1/1010/7364/9956/files/20260602_115135.jpg?v=1780684551","images/artworks/nr-072-3.jpg","252EF540BDE83E6A8D44DE91B88F1E75073BA9C05FA5B82032B844B2E2AE9A07"
"A072","Nr. 72","4","22","00022.jpg","https://cdn.shopify.com/s/files/1/1010/7364/9956/files/20260602_115139.jpg?v=1780684551","images/artworks/nr-072-4.jpg","D0006D9C97016355EB824BF0AB85D97B9EC605A7CB1E186DD8BE39D4834D5E80"
"A073","Nr. 73","1","15","00015.jpg","https://cdn.shopify.com/s/files/1/1010/7364/9956/files/20260602_115313.jpg?v=1780684683","images/artworks/nr-073-1.jpg","8823A7D0E0DB452E71DA3D1A577AA76A69724316A3A4D741629D9B666459CD3F"
"A073","Nr. 73","2","16","00016.jpg","https://cdn.shopify.com/s/files/1/1010/7364/9956/files/20260602_115342.jpg?v=1780684683","images/artworks/nr-073-2.jpg","53BC39F5C9A9664F38847954BA41C1AD5C28CE63321D01042657583C829C2CC5"
"A073","Nr. 73","3","17","00017.jpg","https://cdn.shopify.com/s/files/1/1010/7364/9956/files/20260602_115345.jpg?v=1780684684","images/artworks/nr-073-3.jpg","D26B4216CDF4AE16F1001B0C610856671E494B31F4A0FB0D5C8F7DBE209E26BB"
"A073","Nr. 73","4","18","00018.jpg","https://cdn.shopify.com/s/files/1/1010/7364/9956/files/20260602_115348.jpg?v=1780684684","images/artworks/nr-073-4.jpg","7F64697971E1A8B903C8180B886AA85A9347C0CF4661FB628B53448BB708D7E8"
